{
  "1": {
    "final_compartment_count": 1,
    "max_compartment_count": 1,
    "final_compartment_stability": 0.55,
    "first_compartment_step": 10,
    "entropy_catalysis_feedback": 0.06125057457243061,
    "p_amphiphilic": 0.0,
    "p_assembly": 0.0,
    "p_compartment": 0.0,
    "metrics": {
      "compartment_count": [
        0,
        1,
        1,
        1,
        1,
        1,
        1,
        1,
        1,
        1,
        1,
        1,
        1,
        1,
        1,
        1,
        1,
        1,
        1,
        1,
        1,
        1,
        1,
        1,
        1,
        1,
        1,
        1,
        1,
        1,
        1,
        1,
        1,
        1,
        1,
        1,
        1,
        1,
        1,
        1,
        1,
        1,
        1,
        1,
        1,
        1,
        1,
        1,
        1,
        1,
        1
      ],
      "avg_stability": [
        0,
        0.54,
        0.54,
        0.54,
        0.54,
        0.54,
        0.55,
        0.55,
        0.55,
        0.55,
        0.55,
        0.55,
        0.55,
        0.55,
        0.55,
        0.55,
        0.55,
        0.55,
        0.55,
        0.55,
        0.55,
        0.55,
        0.55,
        0.55,
        0.55,
        0.55,
        0.55,
        0.55,
        0.55,
        0.55,
        0.55,
        0.55,
        0.55,
        0.55,
        0.55,
        0.55,
        0.55,
        0.55,
        0.55,
        0.55,
        0.55,
        0.55,
        0.55,
        0.55,
        0.55,
        0.55,
        0.55,
        0.55,
        0.55,
        0.55,
        0.55
      ],
      "entropy_ratio": [
        1.0,
        0.7124143742160444,
        1.0,
        1.0,
        0.9357849740192014,
        0.9357849740192014,
        0.9357849740192014,
        1.0,
        0.9357849740192014,
        0.9357849740192014,
        1.0,
        1.0,
        0.8856218745807112,
        0.8856218745807112,
        0.8856218745807112,
        0.9357849740192014,
        0.9357849740192014,
        0.8856218745807112,
        1.0,
        0.9463946303571862,
        0.9463946303571862,
        0.9463946303571862,
        0.9463946303571862,
        1.0566416671474375,
        1.1291500681071591,
        1.2262943855309167,
        1.0566416671474375,
        1.1832946624549383,
        1.2850972089384687,
        1.2850972089384687,
        1.1832946624549383,
        1.2850972089384687,
        1.1832946624549383,
        1.1832946624549383,
        1.2850972089384687,
        1.0479516371446924,
        1.0479516371446924,
        0.9602525677891272,
        0.9602525677891272,
        0.9602525677891272,
        0.9602525677891272,
        1.0,
        1.0,
        1.0,
        0.9602525677891272,
        0.9602525677891272,
        0.9602525677891272,
        0.9602525677891272,
        1.0,
        0.9602525677891272,
        1.0
      ],
      "catalytic_ratio": [
        1.0,
        0.0,
        0.0,
        0.0,
        0.0,
        0.0,
        0.0,
        0.0,
        0.0,
        0.0,
        0.0,
        0.0,
        0.0,
        0.0,
        0.0,
        0.0,
        0.0,
        0.0,
        0.0,
        0.0,
        0.0,
        0.0,
        0.0,
        0.0,
        0.0,
        0.0,
        0.0,
        0.0,
        0.0,
        0.0,
        0.0,
        0.0,
        0.0,
        0.0,
        0.0,
        0.0,
        0.0,
        0.0,
        0.0,
        0.0,
        0.0,
        0.0,
        0.0,
        0.0,
        0.0,
        0.0,
        0.0,
        0.0,
        0.0,
        0.0,
        0.0
      ]
    }
  },
  "2": {
    "final_compartment_count": 1,
    "max_compartment_count": 1,
    "final_compartment_stability": 0.56,
    "first_compartment_step": 10,
    "entropy_catalysis_feedback": 0.027588294370544737,
    "p_amphiphilic": 0.10275882943705449,
    "p_assembly": 0.3181029635533227,
    "p_compartment": 0.032687888175197445,
    "metrics": {
      "compartment_count": [
        0,
        1,
        1,
        1,
        1,
        1,
        1,
        1,
        1,
        1,
        1,
        1,
        1,
        1,
        1,
        1,
        1,
        1,
        1,
        1,
        1,
        1,
        1,
        1,
        1,
        1,
        1,
        1,
        1,
        1,
        1,
        1,
        1,
        1,
        1,
        1,
        1,
        1,
        1,
        1,
        1,
        1,
        1,
        1,
        1,
        1,
        1,
        1,
        1,
        1,
        1
      ],
      "avg_stability": [
        0,
        0.56,
        0.56,
        0.56,
        0.56,
        0.56,
        0.56,
        0.56,
        0.56,
        0.56,
        0.56,
        0.56,
        0.56,
        0.56,
        0.56,
        0.56,
        0.56,
        0.56,
        0.56,
        0.56,
        0.56,
        0.56,
        0.56,
        0.56,
        0.56,
        0.56,
        0.56,
        0.56,
        0.56,
        0.56,
        0.56,
        0.56,
        0.56,
        0.56,
        0.56,
        0.56,
        0.56,
        0.56,
        0.56,
        0.56,
        0.56,
        0.56,
        0.56,
        0.56,
        0.56,
        0.56,
        0.56,
        0.56,
        0.56,
        0.56,
        0.56
      ],
      "entropy_ratio": [
        1.0,
        0.0,
        0.7124143742160444,
        1.0,
        1.0686215613240666,
        1.1605584217036249,
        1.2920296742201793,
        1.1605584217036249,
        1.0686215613240666,
        1.0686215613240666,
        1.2077266474915604,
        1.2077266474915604,
        1.0406426982957873,
        1.1120532250333337,
        1.1120532250333337,
        0.9848586617875466,
        1.0,
        1.059105455575602,
        1.0,
        1.0,
        1.0,
        1.0,
        1.0,
        1.0,
        1.0,
        1.0,
        1.0,
        1.0,
        1.0,
        1.1352465799590408,
        1.059105455575602,
        1.059105455575602,
        1.059105455575602,
        1.059105455575602,
        1.059105455575602,
        0.9525003955064192,
        0.9525003955064192,
        0.9525003955064192,
        1.0,
        0.9525003955064192,
        1.0,
        1.0,
        0.9848586617875466,
        0.9848586617875466,
        0.9848586617875466,
        0.9848586617875466,
        0.9848586617875466,
        0.9848586617875466,
        0.9848586617875466,
        0.9848586617875466,
        1.0406426982957873
      ],
      "catalytic_ratio": [
        1.0,
        0.0,
        0.0,
        0.0,
        0.0,
        0.0,
        0.0,
        0.0,
        0.0,
        0.0,
        0.0,
        0.0,
        0.0,
        0.0,
        0.0,
        0.0,
        0.0,
        0.0,
        0.0,
        0.0,
        0.0,
        0.0,
        0.0,
        0.0,
        0.0,
        0.0,
        0.0,
        0.0,
        0.0,
        0.0,
        0.0,
        0.0,
        0.0,
        0.0,
        0.0,
        0.0,
        0.0,
        0.0,
        0.0,
        0.0,
        0.0,
        0.0,
        0.0,
        0.0,
        0.0,
        0.0,
        0.0,
        0.0,
        0.0,
        0.0,
        0.0
      ]
    }
  },
  "3": {
    "final_compartment_count": 1,
    "max_compartment_count": 1,
    "final_compartment_stability": 0.5700000000000001,
    "first_compartment_step": 0,
    "entropy_catalysis_feedback": 0.09342817161932879,
    "p_amphiphilic": 0.0,
    "p_assembly": 0.0,
    "p_compartment": 0.0,